,0,1,2,3
0,-0.006972308232871953,-0.18539466538143778,-0.04855591715317451,0.239355316763515
1,-0.010680201540500709,0.010386093648016015,-0.04376881081790421,-0.06823952975951492
2,-0.010472479667540389,0.20610733604295997,-0.045133601413094505,-0.37440415176950936
3,-0.006350332946681189,0.011654581563729977,-0.052621684448484696,-0.09628682520226994
4,-0.0061172413154065896,-0.18267522843353506,-0.054547420952530096,0.17934076605972382
5,-0.009770745884077291,0.013183152228592288,-0.05096060563133562,-0.1300388325888025
6,-0.009507082839505446,0.20899667115710907,-0.05356138228311167,-0.4383537342302835
7,-0.005327149416363265,0.014672116464841956,-0.06232845696771734,-0.1630244323410176
8,-0.005033707087066425,0.210628390941465,-0.0655889456145377,-0.4747007892899502
9,-0.0008211392682371255,0.40661227699683955,-0.0750829614003367,-0.7873138435330957
10,0.007311106271699666,0.21259759967340847,-0.09082923827099862,-0.5191654093868299
11,0.011563058265167835,0.018863895607856646,-0.10121254645873522,-0.25642984320032836
12,0.011940336177324968,-0.17467831753902116,-0.10634114332274178,0.0026920530834774192
13,0.008446769826544544,0.021795289390313333,-0.10628730226107223,-0.32155897411166023
14,0.008882675614350811,0.21825761303688446,-0.11271848174330544,-0.6457791157607125
15,0.0132478278750885,0.02487181277204556,-0.12563406405851968,-0.3906103595177641
16,0.013745264130529412,0.22153205404492535,-0.13344627124887495,-0.7201150547128115
17,0.01817590521142792,0.028484020461768178,-0.14784857234313117,-0.47223438033543913
18,0.018745585620663283,0.22535093010027743,-0.15729325994983995,-0.8076223973722914
19,0.02325260422266883,0.42223849072682773,-0.17344570789728578,-1.1453616080331712
20,0.031697374037205385,0.2297530142268395,-0.1963529400579492,-0.9117032300578563
21,0.03629243432174217,0.037751742744849465,-0.21458700465910632,-0.6865929245535414
22,-0.040314056579612026,0.19669369129702963,-0.014064560911113475,-0.31135468749876355
23,-0.036380182753671435,0.0017749107960222388,-0.020291654661088745,-0.02314027879193986
24,-0.03634468453775099,-0.19305024996271725,-0.020754460236927542,0.2630719627049084
25,-0.04020568953700534,0.002361705771515954,-0.015493020982829373,-0.03608421649870697
26,-0.04015845542157502,-0.1925346853112145,-0.01621470531280351,0.25167051860329764
27,-0.04400914912779931,0.0028150080690089174,-0.011181294940737559,-0.04608241626510101
28,-0.043952848966419135,0.1980954925583153,-0.012102943266039579,-0.3422720647323919
29,-0.03999093911525283,0.3933875244351378,-0.01894838456068742,-0.638746836296908
30,-0.03212318862655007,0.5887684839932659,-0.031723321286625576,-0.9373361565437346
31,-0.020347818946684755,0.7843035074380638,-0.05047004441750027,-1.2398162109752953
32,-0.004661748797923481,0.980035938907706,-0.07526636863700617,-1.547872901074187
33,0.01493896998023064,0.7858939011858308,-0.10622382665848991,-1.2795917453474763
34,0.030656848003947256,0.9821969952088885,-0.13181566156543945,-1.6035578160798227
35,0.050300787908125026,0.7888583092495227,-0.1638868178870359,-1.3547073143762662
36,0.06607795409311548,0.9856134241961253,-0.19098096417456123,-1.6938527070539293
37,0.08579022257703799,1.1823581429242358,-0.2248580183156398,-2.039411815440084
38,0.030847476150003324,0.14845907305972542,0.04322998572011568,-0.2562931456394899
39,0.033816657611197835,0.34293800742747427,0.038104122807325884,-0.5350333458640065
40,0.04067541775974732,0.14730152926132145,0.027403455890045753,-0.2305917384274116
41,0.04362144834497375,-0.048201069808245456,0.02279162112149752,0.07060766536620039
42,0.04265742694880884,0.14658683780418202,0.024203774428821528,-0.21479815473613972
43,0.04558916370489248,-0.04887262928533129,0.019907811334098732,0.08542038657196954
44,0.044611711119185854,0.14595838274666567,0.021616219065538123,-0.2009157117438619
45,0.04753087877411917,0.34076461419437937,0.017597904830660885,-0.4867021190719864
46,0.05434617105800676,0.14539882858569728,0.007863862449221156,-0.18852529907900828
47,0.057254147629720704,0.3404073954584931,0.00409335646764099,-0.4787171531575771
48,0.06406229553889056,0.14522789465731017,-0.005480986595510552,-0.18474691126905468
49,0.06696685343203676,0.3404278380890877,-0.009175924820891645,-0.4791538303862405
50,0.07377541019381852,0.14543662166679833,-0.018759001428616452,-0.18937700305075655
51,0.07668414262715448,0.34082185464649584,-0.02254654148963158,-0.487918109927395
52,0.0835005797200844,0.5362545424317485,-0.03230490368817948,-0.7876207557155548
53,0.09422567056871937,0.34159088012674244,-0.048057318802490576,-0.5052736030526952
54,0.10105748817125422,0.1471779434838188,-0.05816279086354448,-0.22811429556139823
55,0.10400104704093059,-0.04706667204302384,-0.06272507677477245,0.04566971164432715
56,0.10305971360007012,0.14889602247044625,-0.061811682541885904,-0.2661253501420777
57,0.10603763404947904,-0.045291764695632925,-0.06713418954472745,0.00643899521405944
58,0.10513179875556639,0.15072555041910096,-0.06700540964044627,-0.30664726778834833
59,0.1081463097639484,0.3467351450842765,-0.07313835499621324,-0.6196867376068181
60,0.11508101266563393,0.15270680039573511,-0.08553208974834961,-0.350905809790354
61,0.11813514867354863,0.34893438620134676,-0.0925502059441567,-0.6692869672705073
62,0.12511383639757556,0.5452130216745767,-0.10593594528956685,-0.9896158285917511
63,0.1360180968310671,0.35165632414796993,-0.12572826186140187,-0.731995337418194
64,0.1430512233140265,0.15847527549273602,-0.14036816860976575,-0.4813778452870771
65,0.14622072882388124,0.35527048252218707,-0.1499957255155073,-0.8148001582552906
66,0.15332613847432497,0.5520930859402201,-0.16629172868061312,-1.1506526618149795
67,0.16436800019312936,0.7489477139600572,-0.18930478191691272,-1.490526051918512
68,0.1793469544723305,0.5565668617150363,-0.21911530295528295,-1.2624337998807644
69,0.017612562460893946,0.1460152268893862,0.03530768337814563,-0.2978500662479793
70,0.02053286699868167,-0.04959177690151775,0.02935068205318605,0.005755873178144966
71,0.019541031460651313,-0.24512209571351826,0.029465799516748947,0.3075528905675285
72,0.014638589546380948,-0.4406512480698048,0.035616857328099515,0.6093809961530358
73,0.005825564584984851,-0.6362525161104763,0.04780447725116023,0.9130659611208329
74,-0.006899485737224676,-0.4418087289075451,0.06606579647357688,0.6357826478516269
75,-0.01573566031537558,-0.2476673808161311,0.07878144943060941,0.364615137383561
76,-0.0206890079316982,-0.44381540305243217,0.08607375217828063,0.681062390490013
77,-0.029565315992746845,-0.6400206864445838,0.09969499998808089,0.9995552180085928
78,-0.04236572972163852,-0.8363236497749371,0.11968610434825275,1.3218093706399223
79,-0.05909220271713726,-0.6429000725388014,0.14612229176105118,1.0688533511328546
80,-0.07195020416791328,-0.4499810021239529,0.16749935878370828,0.8253658572863888
81,-0.08094982421039235,-0.6469490731049814,0.18400667592943606,1.1656979027170857
82,-0.09388880567249197,-0.843925703201965,0.20732063398377779,1.5099681519185706
83,-0.11076731973653127,-0.6518302348274849,0.2375199970221492,1.2885118277583554
84,0.025218893747501404,-0.21960972796110953,0.04977098494949919,0.3206380801272955
85,0.020826699188279212,-0.025230600375404116,0.056183746552045104,0.04405707313799767
86,0.02032208718077113,-0.2211113125115881,0.057064888014805054,0.3539238562494284
87,0.01589986093053937,-0.026845248021772766,0.06414336513979363,0.07976706007252438
88,0.015362955970103915,-0.22282527068536825,0.06573870634124411,0.3919777708924831
89,0.010906450556396548,-0.02869484594717539,0.07357826175909377,0.12072438149822001
90,0.010332553637453041,0.1653000265484427,0.07599274938905817,-0.14786810537219236
91,0.013638554168421895,-0.030823248244471968,0.07303538728161432,0.16778814246188078
92,0.013022089203532455,0.16318140724535185,0.07639115013085193,-0.10098972629354847
93,0.01628571734843949,0.3571301598350279,0.07437135560498097,-0.3686272503943087
94,0.023428320545140047,0.1610346101087321,0.0669988105970948,-0.053451991070222415
95,0.02664901274731469,0.3551351024940266,0.06592977077569034,-0.32426659240143874
96,0.03375171479719522,0.5492593678241654,0.05944443892766157,-0.5954510513168616
97,0.04473690215367853,0.3533580462747153,0.04753541790132434,-0.2846517257277017
98,0.05180406307917283,0.15759149360199434,0.04184238338677031,0.02263654810954907
99,0.05495589295121272,0.35208918305919135,0.042295114348961285,-0.256556559164712
100,0.061997676612396545,0.15638969684790535,0.03716398316566705,0.04916120417646952
101,0.06512547054935465,-0.03924490019360352,0.03814720724919644,0.35333416689137614
102,0.06434057254548257,-0.2348879406687286,0.04521389058702396,0.6577977863324382
103,0.059642813732108,-0.040423527838435475,0.05836984631367272,0.37968762859620464
104,0.058834343175339296,0.15382304946732947,0.06596359888559682,0.1059649678984691
105,0.06191080416468588,0.34794073639919454,0.0680828982435662,-0.16519907191084715
106,0.06886961889266978,0.5420253795860462,0.06477891680534925,-0.43565065754902155
107,0.0797101264843907,0.3460490767375857,0.05606590365436882,-0.12327108577414764
108,0.08663110801914242,0.15017057871399125,0.05360048193888587,0.18655973241437407
109,0.08963451959342225,0.3444863012278288,0.05733167658717335,-0.08874425106058581
110,0.09652424561797883,0.538741604617285,0.05555679156596163,-0.3628021802582272
111,0.10729907771032453,0.7330317248486331,0.048300747960797086,-0.6374624150822058
112,0.12195971220729719,0.5372706796564473,0.03555149965915297,-0.32996840901677965
113,0.13270512580042615,0.731868986363207,0.028952131478817374,-0.611231483293462
114,0.1473425055276903,0.5363545907880668,0.01672750181294813,-0.30957205771866214
115,0.15806959734345163,0.7312342642398855,0.010536060658574889,-0.596933015797578
116,0.17269428262824935,0.5359664703614861,-0.0014025996573766714,-0.3009500376052486
117,0.18341361203547907,0.3408645385954285,-0.0074216004094816435,-0.008709791986121984
118,0.19023090280738764,0.5360921351655368,-0.007595796249204083,-0.30372505249402
119,0.20095274551069836,0.7313215092444126,-0.013670297299084483,-0.5987938082929865
120,0.2155791756955866,0.5363934690940197,-0.02564617346494421,-0.31044801055011956
121,0.226307045077467,0.7318712459800283,-0.0318551336759466,-0.6111074015068052
122,0.24094446999706756,0.5372086795464407,-0.0440772817060827,-0.3286255150983793
123,0.25168864358799636,0.7329294975647362,-0.05064979200805029,-0.6348761276787208
124,0.2663472335392911,0.9287199695270866,-0.0633473145616247,-0.9430698780338849
125,0.2849216329298328,0.734506103924411,-0.08220871212230241,-0.6709450591411179
126,0.29961175500832105,0.9306688935069317,-0.09562761330512476,-0.9883376589028046
127,0.31822513287845966,1.12693202225391,-0.11539436648318085,-1.309458999052201
128,0.34076377332353786,0.9334454171432914,-0.14158354646422489,-1.0550099801741957
129,0.3594326816664037,1.1301310536332183,-0.1626837460677088,-1.3885729474711235
130,0.38203530273906805,0.9373666134620722,-0.19045520501713126,-1.1508624602596706
131,0.4007826350083095,1.1343931373400642,-0.21347245422232466,-1.496714275360132
132,-0.03260380402932007,0.14870269183040946,0.015970228536113976,-0.33330661977672066
133,-0.029629750192711878,-0.04664288081522788,0.009304096140579563,-0.035630579310072685
134,-0.030562607809016436,0.14834442023811753,0.00859148455437811,-0.3253635066985018
135,-0.027595719404254086,0.3433429972115235,0.002084214420408074,-0.6153247116789433
136,-0.020728859460023615,0.538435765709497,-0.010222279813170792,-0.9073504702252788
137,-0.009960144145833674,0.733694605835189,-0.02836928921767637,-1.20322872579169
138,0.004713747970870106,0.9291716227789818,-0.052433863733510166,-1.5046657190672486
139,0.023297180426449744,0.7347235906596697,-0.08252717811485513,-1.2288030207028329
140,0.03799165223964314,0.9308048058154319,-0.10710323852891179,-1.5461592771341617
141,0.05660774835595178,0.7371197811380832,-0.13802642407159502,-1.2887246692086998
142,0.07135014397871345,0.9337009544731983,-0.16380091745576902,-1.6212430833089122
143,0.09002416306817741,1.1303295076411188,-0.19622577912194727,-1.9601803931477335
144,0.11263075322099979,1.3269162876082659,-0.23542938698490196,-2.3067225083324754
145,0.013083561908577979,0.22757952198773074,0.03811890752586864,-0.25468166592011343
146,0.017635152348332593,0.031934621926880596,0.03302527420746637,0.049776743420096525
147,0.018273844786870205,-0.16364493337095565,0.034020809075868304,0.3526937722784807
148,0.015000946119451092,-0.35923373064149355,0.04107468452143792,0.6559073899832422
149,0.00781627150662122,-0.5549027140663946,0.054192832321102766,0.9612358726300262
150,-0.003281782774706671,-0.3605493431689999,0.0734175497737033,0.6860586986104684
151,-0.01049276963808667,-0.5566095598223542,0.08713872374591267,1.000922160086002
152,-0.021624960834533753,-0.3627533599800812,0.1071571669476327,0.7368275232291475
153,-0.028880028034135377,-0.1692617616329723,0.12189371741221566,0.4796988299395143
154,-0.032265263266794825,-0.36587458905668974,0.13148769401100596,0.8081778905434847
155,-0.03958275504792862,-0.5625297127617593,0.14765125182187566,1.1391603549858624
156,-0.0508333493031638,-0.36961390814089934,0.17043445892159292,0.896187136511176
157,-0.05822562746598178,-0.5665855619368115,0.18835820165181644,1.237229279903592
158,-0.06955733870471802,-0.37431512847959597,0.2131027872498883,1.0089751044474673
159,0.03774616782879975,0.24501444641861306,-0.0036462517397826363,-0.3123550959561532
160,0.04264645675717201,0.0499446300161826,-0.0098933536589057,-0.02082431209856228
161,0.043645349357495665,-0.14503405311740064,-0.010309839900876945,0.268720801033594
162,0.040744668295147654,-0.34000736657848807,-0.004935423880205065,0.5581341889346025
163,0.03394452096357789,-0.5350596900506333,0.006227259898486987,0.8492581020468148
164,0.023243327162565226,-0.7302660113248769,0.023212421939423286,1.1438927091587503
165,0.008638006936067689,-0.5354548900401406,0.04609027612259829,0.858578588498542
166,-0.002071090864735123,-0.34099007548524973,0.06326184789256914,0.5807368840931546
167,-0.008890892374440119,-0.5369387704655965,0.07487658557443223,0.892658553707405
168,-0.019629667783752046,-0.7329921201923919,0.09272975664858034,1.2079077350330993
169,-0.03428951018759988,-0.929181448604759,0.11688791134924233,1.5281508826318522
170,-0.05287313915969506,-1.1255034438650333,0.14745092900187937,1.8549112819072642
171,-0.07538320803699573,-0.932277642741872,0.18454915464002464,1.611411337209449
172,-0.09402876089183318,-0.7397522039347854,0.21677738138421362,1.381477055587698
173,0.003846165416562349,0.23568224450262182,-0.02760886810271053,-0.29357570594955973
174,0.008559810306614787,0.04096457998528166,-0.03348038222170172,-0.009726495762775789
175,0.00937910190632042,0.23655029116543091,-0.03367491213695724,-0.31278204213168154
176,0.014110107729629038,0.04192385203749241,-0.03993055297959087,-0.0309064506362538
177,0.014948584770378887,0.23759500385624757,-0.04054868199231594,-0.3359156818203114
178,0.01970048484750384,0.4332698544741371,-0.04726699562872217,-0.6411047409548303
179,0.02836588193698658,0.629017751595746,-0.06008909044781878,-0.9482899700783951
180,0.0409462369689015,0.4347540695210163,-0.07905488984938669,-0.6750759227206786
181,0.049641318359321826,0.6308804529119711,-0.09255640830380027,-0.9915646176521054
182,0.06225892741756125,0.43711078722407537,-0.11238770065684238,-0.7293269523904935
183,0.07100114316204276,0.6335919756778738,-0.12697423970465224,-1.0551618477673275
184,0.08367298267560024,0.8301472319467599,-0.1480774766599988,-1.3848514059327832
185,0.10027592731453544,1.0267727073311483,-0.17577450477865444,-1.7199378321241563
186,0.12081138146115841,1.2234192292467774,-0.21017326142113757,-2.061774546065164
187,0.027110017435727392,0.21477965435299967,0.0032081479123441422,-0.3011689074151184
188,0.03140561052278738,0.01961212478119878,-0.0028152302359582266,-0.007475925717165877
189,0.03179785301841136,0.21477433697788628,-0.002964748750301544,-0.3010457605373397
190,0.036093339757969085,0.4099384191272464,-0.00898566396104834,-0.5946622320375581
191,0.044292108140514014,0.2149433805382024,-0.0208789086017995,-0.30482323196864836
192,0.04859097575127806,0.41035655405942073,-0.026975373241172468,-0.6040170580495976
193,0.05679810683246648,0.21562204709008084,-0.03905571440216442,-0.3199513660439939
194,0.061110547774268095,0.4112778192033495,-0.0454547417230443,-0.6246906813384402
195,0.06933610415833509,0.2168189365056844,-0.0579485553498131,-0.3466627316072783
196,0.07367248288844878,0.41271522544328654,-0.06488180998195867,-0.6570412749081049
197,0.08192678739731452,0.6086774839689872,-0.07802263548012077,-0.9694280520228964
198,0.09410033707669427,0.8047552327136949,-0.0974111965205787,-1.285565295679398
199,0.11019544173096817,0.6109987679824818,-0.12312250243416666,-1.0249020374738391
200,0.1224154170906178,0.41771223828523396,-0.14362054318364342,-0.7732736427791854
201,0.1307696618563225,0.22482743427561352,-0.15908601603922712,-0.5290046968286819
202,0.13526621054183477,0.032259064394261905,-0.16966610997580076,-0.2903738859970154
203,0.13591139182972,0.22934280080012284,-0.17547358769574106,-0.6313975209939604
204,0.14049824784572246,0.03704697172537233,-0.18810153811562028,-0.3987080221874255
205,0.1412391872802299,0.23426978495235815,-0.1960756985593688,-0.7443003360917682
206,0.14592458297927707,0.4314792356364011,-0.21096170528120417,-1.09172390822488
207,0.028971533913451572,0.18666010576940698,0.0437645178997458,-0.2895340771174905
208,0.032704736028839713,-0.009057701777073518,0.03797383635739599,0.016624191786376974
209,0.032523581993298245,-0.20470308652058292,0.03830632019312353,0.3210423269506274
210,0.028429520262886587,-0.01014699485151857,0.04472716673213608,0.04068158226657653
211,0.028226580365856214,-0.20588083943628446,0.04554079837746761,0.34713412413491673
212,0.024108963577130525,-0.40161997405974714,0.05248348086016595,0.6538227788554689
213,0.01607656409593558,-0.5974319255042244,0.06555993643727533,0.9625593341257019
214,0.004127925585851093,-0.40324927137905275,0.08481112311978936,0.6911719087692401
215,-0.003937059841729963,-0.599439224001115,0.09863456129517416,1.0093036759868899
216,-0.015925844321752265,-0.4057622357603151,0.11882063481491195,0.7491517922134474
217,-0.02404108903695857,-0.21246219699632204,0.1338036706591809,0.4960972589650236
218,-0.028290332976885012,-0.4091920519655111,0.14372561583848137,0.8277753795290677
219,-0.03647417401619524,-0.6059558551585642,0.16028112342906273,1.1619879109473281
220,-0.04859329111936652,-0.8027602848621216,0.18352088164800928,1.5003318769432479
221,-0.06464849681660895,-0.6102798660989405,0.21352751918687424,1.270112442388345
222,0.04256540379451395,0.18561686553163376,-0.036977396454068445,-0.3278391048296135
223,0.046277741105146625,0.3812452036202263,-0.04353417855066072,-0.6319498960403744
224,0.05390264517755115,0.18675680488431845,-0.0561731764714682,-0.3532887097227926
225,0.05763778127523752,-0.007523261778035917,-0.06323895066592405,-0.07883449607576332
226,0.0574873160396768,-0.20168433307917097,-0.06481564058743933,0.19324508159988746
227,0.05345362937809338,-0.005697952652668592,-0.06095073895544158,-0.1191596499056688
228,0.05333967032504001,0.1902419180893891,-0.06333393195355495,-0.4304321128039919
229,0.05714450868682779,0.3862008660858664,-0.07194257420963479,-0.7423889411726021
230,0.06486852600854512,0.1921418360078738,-0.08679035303308684,-0.47318624575631874
231,0.0687113627287026,0.388375426270108,-0.09625407794821321,-0.7919130620095
232,0.07647887125410475,0.5846778250393535,-0.11209233918840321,-1.1132587010903794
233,0.08817242775489183,0.7810788536047196,-0.1343575132102108,-1.4388975712922611
234,0.10379400482698622,0.5878438102211154,-0.16313546463605602,-1.1910396445359859
235,0.11555088103140854,0.784659425846491,-0.18695625752677575,-1.5300927289104933
236,0.13124406954833837,0.5922185807553131,-0.2175581121049856,-1.301107024170454
237,-0.022217117538463418,0.18236215707673548,0.017950193948691885,-0.32754758695013053
238,-0.01856987439692871,-0.013010686465948051,0.011399242209689273,-0.02925845997954235
239,-0.01883008812624767,0.1819459530522197,0.010814073010098426,-0.31832311493614657
240,-0.015191169065203276,0.3769122275285647,0.004447610711375494,-0.6075761511918774
241,-0.007652924514631982,0.5719717137943144,-0.007703912312462053,-0.8988548934680712
242,0.0037865097612543074,0.376955018035,-0.025681010181823477,-0.6086034583212814
243,0.011325610121954308,0.5724264006185165,-0.03785307934824911,-0.9092632374917922
244,0.022774138134324638,0.37783666637472635,-0.05603834409808495,-0.6287138732601676
245,0.030330871461819165,0.5736940520929581,-0.0686126215632883,-0.938505436561014
246,0.04180475250367833,0.7696706088684745,-0.08738273029450859,-1.251934882328471
247,0.05719816468104782,0.5757700953666667,-0.11242142794107801,-0.9878516771529351
248,0.06871356658838115,0.7722030864085415,-0.1321784614841367,-1.3136234710677188
249,0.08415762831655199,0.9687270185778453,-0.1584509309054911,-1.6445854029841795
250,0.1035321686881089,1.1653090632966598,-0.19134263896517467,-1.9821544512508602
251,0.12683834995404208,1.3618595382766603,-0.23098572799019187,-2.327511627073838
252,0.036504470800284135,-0.20097482333472513,0.04935819718308177,0.2968796241765494
253,0.032484974333589635,-0.3967643784456315,0.05529578966661276,0.6047117064727924
254,0.024549686764677003,-0.20245754483198322,0.06739002379606861,0.3299456093217949
255,0.020500535868037337,-0.3984708557440566,0.0739889359825045,0.6430958690731106
256,0.012531118753156205,-0.204453893901867,0.08685085336396671,0.3745995579207839
257,0.008442040875118864,-0.010666070759636798,0.09434284452238238,0.11051551269988757
258,0.008228719459926127,0.1829862580780106,0.09655315477638013,-0.15097555764181375
259,0.01188844462148634,0.37660256696241023,0.09353364362354386,-0.4117047873228893
260,0.019420495960734543,0.5702827428003883,0.08529954787708607,-0.6734963499641518
261,0.03082615081674231,0.7641220528730411,0.07182962087780304,-0.9381505065541621
262,0.04610859187420313,0.5681089961003024,0.0530666107467198,-0.6237893379362035
263,0.05747077179620918,0.37228786760938004,0.040590823987995725,-0.3148768698700677
264,0.06491652914839678,0.17661192621133087,0.03429328659059437,-0.009674298038520213
265,0.0684487676726234,0.3712257100141111,0.03409980062982397,-0.2913430866927046
266,0.07587328187290562,0.5658452701476897,0.02827293889596988,-0.5730793175526174
267,0.08719018727585942,0.3703385494516176,0.01681135254491753,-0.27162530208596614
268,0.09459695826489177,0.17498079384103332,0.011378846503198207,0.02631222790801857
269,0.09809657414171244,-0.020302474881775973,0.011905091061358578,0.32256347619002845
270,0.09769052464407692,0.17464794284020432,0.018356360585159145,0.033658586372598054
271,0.10118348350088101,-0.020732369409974083,0.019029532312611105,0.33207614714991873
272,0.10076883611268153,0.17411362134145,0.02567105525560948,0.04545442294692231
273,0.10425110853951053,0.36885823705396603,0.026580143714547925,-0.23901979160723258
274,0.11162827328058984,0.5635905865591841,0.021799747882403273,-0.5232014954316013
275,0.12290008501177352,0.7583990450097906,0.011335717973771246,-0.8089361336286811
276,0.13806806591196932,0.9533638430891057,-0.004843004698802375,-1.0980319117252546
277,0.15713534277375144,0.7583059846671373,-0.02680364293330747,-0.8068723931679423
278,0.17230146246709419,0.5635614651195379,-0.04294109079666632,-0.5227398685424758
279,0.18357269176948493,0.3690693761598489,-0.05339588816751584,-0.2438914683832777
280,0.1909540792926819,0.17474914849237244,-0.05827371753518139,0.03148251647498729
281,0.19444906226252937,0.3706562601101142,-0.057644067205681646,-0.279002120379282
282,0.20186218746473164,0.5665511301509878,-0.06322410961326728,-0.5892943371120707
283,0.21319321006775138,0.7624987520157639,-0.0750099963555087,-0.9012040284289138
284,0.22844318510806666,0.5684688755665559,-0.09303407692408698,-0.6330098762844408
285,0.2398125626193978,0.7647571142696487,-0.1056942744497758,-0.9534815259796591
286,0.2551077049047908,0.9611301202391842,-0.12476390496936898,-1.277413555439578
287,0.2743303073095745,1.1576021319349301,-0.15031217607816055,-1.6064163297964122
288,0.29748234994827305,0.9645433146957704,-0.1824405026740888,-1.3641189490759034
289,0.31677321624218846,1.161420492909877,-0.20972288165560685,-1.7078740616629804
290,-0.04588766668598247,-0.20498816326776392,0.016934681859329156,0.3365884917231573
291,-0.04998742995133775,-0.01011125099676019,0.023666451693792303,0.049293596417125995
292,-0.05018965497127296,0.1846634905301249,0.024652323622134823,-0.23582941226416632
293,-0.04649638516067046,-0.010801840082351993,0.019935735376851497,0.06452654356538073
294,-0.0467124219623175,-0.20620386056221346,0.021226266248159112,0.3634320497010365
295,-0.05083649917356177,-0.40162095960931177,0.028494907242179842,0.6627317199004781
296,-0.05886891836574801,-0.5971275276543915,0.0417495416401894,0.9642488915033482
297,-0.07081146891883584,-0.7927847336356348,0.06103451947025637,1.2697497609877124
298,-0.08666716359154854,-0.9886305761314181,0.08642951469001062,1.5809045288649632
299,-0.1064397751141769,-0.7946372790134029,0.11804760526730988,1.3163794161857694
300,-0.12233252069444496,-0.60118984648463,0.14437519359102527,1.062853168551984
301,-0.13435631762413755,-0.40824346950876034,0.16563225696206496,0.8187437270753823
302,-0.14252118701431277,-0.21572881971463334,0.18200713150357262,0.5823973311292956
303,-0.14683576340860544,-0.412871258089199,0.19365507812615854,0.9264416525580093
304,-0.15509318857038942,-0.2208169941410587,0.21218391117731872,0.7003246485465706
305,0.0492732248323278,-0.19190189927606643,0.008952929752690244,0.29989552732569796
306,0.045435186846806475,-0.3871503110953937,0.014950840299204203,0.5953885337218774
307,0.0376921806248986,-0.5824782823817323,0.02685861097364175,0.892743128658545
308,0.02604261497726395,-0.38773073342029174,0.04471347354681265,0.6086226471164147
309,0.018288000308858115,-0.19326146093034527,0.05688592648914094,0.3303516721289385
310,0.01442277109025121,0.0010065257432781693,0.06349295993171972,0.05613649841129581
311,0.014442901605116774,0.19516334042974937,0.06461568989994564,-0.2158574938060896
312,0.018346168413711762,-0.0008199919293632729,0.06029854002382384,0.09648781411880863
313,0.018329768575124496,-0.19675200738282267,0.06222829630620002,0.4075687351535702
314,0.014394728427468043,-0.39269857449719925,0.07037967100927142,0.7192030014286949
315,0.006540756937524057,-0.5887201284231195,0.08476373103784532,1.0331819635088542
316,-0.005233645630938333,-0.7848608622834926,0.1054273703080224,1.3512274655240606
317,-0.020930862876608183,-0.5912091785109624,0.1324519196185036,1.0933010236037
318,-0.03275504644682743,-0.3980571321280001,0.15431794009057762,0.8449377688200941
319,-0.040716189089387435,-0.5949099023027691,0.17121669546697948,1.1818976200406528
320,-0.052614387135442815,-0.7917892475921386,0.19485464786779255,1.5229906663429262
321,-0.06845017208728559,-0.5994809780743544,0.22531446119465107,1.2969126125499977
322,-0.04534379701428766,0.21559757744915353,0.01924924467909543,-0.3188840590149454
323,-0.04103184546530459,0.02020683843804741,0.012871563498796524,-0.020193319470653837
324,-0.04062770869654364,0.21514185509762362,0.012467697109383447,-0.30878748741055484
325,-0.03632487159459117,0.019844498331294452,0.00629194736117235,-0.012198812252608493
326,-0.03592798162796528,-0.17536711985882528,0.00604797111612018,0.28246263925428655
327,-0.039435324025141785,-0.37057481249913476,0.011697223901205912,0.577046915675743
328,-0.04684682027512448,-0.17561875312522138,0.02323816221472077,0.28807173794505514
329,-0.05035919533762891,0.019164234938328667,0.028999596973621873,0.0028075460017631393
330,-0.04997591063886234,-0.17636135131343997,0.029055747893657134,0.30449729623556454
331,-0.053503137665131144,0.018334736726685757,0.03514569381836843,0.02111762062382061
332,-0.05313644293059743,-0.1772731527804918,0.03556804623084484,0.3246789663781502
333,-0.056681905986207266,0.01732478214013869,0.042061625558407846,0.043421482758682295
334,-0.056335410343404495,0.21181913378583264,0.042930055213581494,-0.23569953914625968
335,-0.05209902766768784,0.4063022769271174,0.0382160644306563,-0.514537912601232
336,-0.043972982129145494,0.2106635498511879,0.027925306178631662,-0.2100613006322598
337,-0.03975971113212173,0.40537531409886274,0.023724080165986466,-0.4938061009146727
338,-0.03165220485014448,0.600154778235532,0.013847958147693011,-0.7789188545861022
339,-0.01964910928543384,0.795083616434693,-0.001730418944029033,-1.067212907224337
340,-0.0037474369567399787,0.9902284188099371,-0.023074677088515773,-1.360438415454126
341,0.01605713141945876,0.795403202512989,-0.0502834453975983,-1.07506174028708
342,0.031965195469718544,0.9911522184688386,-0.07178468020333989,-1.3830912438922256
343,0.05178823983909532,1.1870925255940532,-0.09944650508118441,-1.6973313385745756
344,0.07553009035097638,0.9932481575090535,-0.13339313185267593,-1.4371904908903539
345,0.09539505350115746,1.1897382270206527,-0.162136941670483,-1.7684086427253047
346,0.11918981804157051,0.9967764330083184,-0.1975051145249891,-1.5302217969529905
347,0.13912534670173687,0.8045073275013512,-0.2281095504640489,-1.305114668021256
348,-0.04865983066186218,-0.18502557066922978,0.049769091505803865,0.3420246652015243
349,-0.05236034207524677,0.009354274138393348,0.05660958480983435,0.06544200026319136
350,-0.05217325659247891,-0.18653168807561232,0.05791842481509818,0.3754345906519635
351,-0.055903890353991154,-0.3824264283181108,0.06542711662813745,0.6858024839279784
352,-0.06355241892035338,-0.5783927310623231,0.07914316630669702,0.9983448582009249
353,-0.07512027354159984,-0.3844129162735188,0.09911006347071552,0.731529733378385
354,-0.08280853186707021,-0.19079010935623308,0.11374065813828323,0.47161147369213974
355,-0.08662433405419487,0.002557058733875406,0.12317288761212603,0.21683238889440243
356,-0.08657319287951735,0.19572262521818132,0.12750953539001408,-0.03459944016365646
357,-0.08265874037515372,0.3888073455850919,0.12681754658674096,-0.28448892955515404
358,-0.07488259346345189,0.581913943131114,0.12112776799563789,-0.5346381905164861
359,-0.0632443146008296,0.7751429529112168,0.11043500418530816,-0.7868334749785364
360,-0.04774145554260527,0.5786912144685479,0.09469833468573743,-0.4615490340049709
361,-0.036167631253234314,0.3823673463098878,0.08546735400563801,-0.1405829698050695
362,-0.028520284327036557,0.5761678447796368,0.08265569460953662,-0.40512580531853193
363,-0.01699692743144382,0.3799769543767464,0.07455317850316598,-0.08757106098272066
364,-0.009397388343908892,0.5739554744483866,0.07280175728351157,-0.3558322549172119
365,0.00208172114505884,0.377878016808754,0.06568511218516733,-0.04111033156645211
366,0.00963928148123392,0.5719995672480125,0.0648629055538383,-0.31236718568078364
367,0.02107927282619417,0.37601641175160017,0.05861556184022262,4.568499595369868e-05
368,0.028599601061226176,0.180104947296323,0.05861647554014169,0.3106313028298522
369,0.03220170000715264,-0.01580101512382967,0.06482910159673873,0.6212089342219609
370,0.03188567970467605,-0.2117655381943797,0.07725328028117795,0.9335846414517366
371,0.027650368940788452,-0.4078399336537488,0.09592497311021268,1.249508911400604
372,0.019493570267713478,-0.21406943872861225,0.12091515133822477,0.9883481044202442
373,0.015212181493141233,-0.4105844774884857,0.14068211342662965,1.3164309232574978
374,0.007000491943371519,-0.6071776058617139,0.1670107318917796,1.6496315225659286
375,-0.005143060173862759,-0.41435509211517174,0.20000336234309818,1.4132953370278958
376,-0.013430162016166194,-0.6113135142915878,0.2282692690836561,1.76125344195226
377,0.03734993565976449,0.24245834963207752,0.012892652158012673,-0.30257779480066227
378,0.042199102652406034,0.43739420261398715,0.006841096261999428,-0.5911669381346953
379,0.05094698670468578,0.6324197102055344,-0.004982242500694479,-0.8816870874530567
380,0.06359538090879648,0.8276089797962115,-0.022615984249755614,-1.1759321312324116
381,0.0801475605047207,0.6327880459631252,-0.046134626874403846,-0.8904239955239708
382,0.0928033214239832,0.4383213852727824,-0.06394310678488327,-0.6125931464674204
383,0.10156974912943885,0.6342759370642945,-0.07619496971423168,-0.9247107414492138
384,0.11425526787072474,0.4402612648463785,-0.09468918454321595,-0.6569127654497323
385,0.1230604931676523,0.24657607524470018,-0.1078274398522106,-0.3954834888324209
386,0.1279920146725463,0.05313607694437175,-0.11573710962885903,-0.1386485400618152
387,0.12905473621143373,-0.14015437835957714,-0.11851008043009532,0.11539665789587528
388,0.12625164864424218,-0.33339646803565737,-0.11620214727217781,0.36846619830009614
389,0.11958371928352904,-0.136831663786017,-0.10883282330617589,0.041520806153494016
390,0.1168470860078087,-0.330238311128346,-0.10800240718310601,0.29798063392763274
391,0.11024231978524178,-0.13375584891635736,-0.10204279450455336,-0.026716838078778726
392,0.10756720280691463,0.06267019685500039,-0.10257713126612894,-0.3497717825665059
393,0.10882060674401464,-0.130854693261922,-0.10957256691745906,-0.0911151378177022
394,0.1062035128787762,-0.32424942879366225,-0.11139486967381311,0.16508735115594997
395,0.09971852430290296,-0.517615109771714,-0.10809312265069411,0.42065575118456455
396,0.08936622210746867,-0.3211409360649109,-0.09968000762700283,0.09594700770125092
397,0.08294340338617046,-0.1247420880749002,-0.0977610674729778,-0.2264463114486917
398,0.08044856162467245,0.07163121225379143,-0.10228999370195163,-0.5482957883847162
399,0.08188118586974828,-0.12191624683690758,-0.11325590946964595,-0.289512968024873
400,0.07944286093301013,0.07462318899945633,-0.1190461688301434,-0.6156594976571523
401,0.08093532471299926,-0.11865199269424972,-0.13135935878328645,-0.36271558387265673
402,0.07856228485911426,0.07806848496423799,-0.13861367046073958,-0.6937627904503647
403,0.08012365455839902,-0.11488625053494744,-0.15248892626974686,-0.4477288192890774
404,0.07782592954770008,-0.30755945168302995,-0.1614435026555284,-0.2067308673045241
405,0.07167474051403948,-0.1105413731755126,-0.16557812000161887,-0.5456735057472468
406,0.06946391305052922,0.08647254280549621,-0.1764915901165638,-0.8856104456449422
407,0.07119336390663915,-0.10587098434617812,-0.19420379902946264,-0.6531965898552643
408,0.06907594421971558,0.09134885099968987,-0.2072677308265679,-1.0002029239799088
409,0.07090292123970937,-0.10049138513513259,-0.2272717893061661,-0.7791028961176132
410,-0.014348773853088088,0.17485724236085348,-0.015967873226795472,-0.26052087240824373
411,-0.010851629005871019,-0.020033166717353973,-0.021178290674960347,0.02708311792654189
412,-0.011252292340218099,0.1753859938063913,-0.020636628316429508,-0.2722058402886824
413,-0.007744572464090273,0.37079624040158515,-0.026080745122203156,-0.5713255359086739
414,-0.00032864765605856994,0.5662740266270192,-0.03750725584037663,-0.8721093669574573
415,0.010996832876481814,0.3716816764365053,-0.054949443179525784,-0.5914506790658112
416,0.01843046640521192,0.17737033839878835,-0.06677845676084201,-0.31657060266699755
417,0.021977873173187685,-0.01674003778360461,-0.07310986881418197,-0.045672281407318105
418,0.021643072417515594,-0.21074162814288308,-0.07402331444232833,0.22307758038570902
419,0.017428239854657933,-0.40473180541679254,-0.06956176283461415,0.49152300535130344
420,0.009333603746322082,-0.598807133084937,-0.05973130272758809,0.7614972874372847
421,-0.0026425389153766597,-0.40291543447072276,-0.04450135697884239,0.4506332022548253
422,-0.010700847604791114,-0.20719326695541274,-0.03548869293374588,0.14426152380616103
423,-0.014844712943899368,-0.40178948059347463,-0.03260346245762266,0.42554056504400795
424,-0.02288050255576886,-0.20622124406491704,-0.0240926511567425,0.12276039126993632
425,-0.0270049274370672,-0.4009898886033355,-0.021637443331343775,0.4077460170224044
426,-0.03502472520913391,-0.20556792451002315,-0.013482522990895687,0.1083207755718903
427,-0.03913608369933438,-0.01025538961175565,-0.011316107479457882,-0.18858514114461827
428,-0.03934119149156949,-0.20521363112308957,-0.015087810302350247,0.10050663279832567
429,-0.04344546411403128,-0.40011613639507115,-0.013077677646383734,0.3883914674031376
430,-0.0514477868419327,-0.2048110220166721,-0.0053098482983209815,0.0916141194823124
431,-0.05554400728226614,-0.3998564647743884,-0.0034775659086747333,0.38261707115963944
432,-0.06354113657775391,-0.20468530995959053,0.004174775514518055,0.08883970684083808
433,-0.06763484277694572,-0.39986685181950765,0.005951569651334817,0.3828368487425853
434,-0.07563217981333586,-0.2048299072865536,0.013608306626186523,0.09203636440483265
435,-0.07972877795906694,-0.40014423860339515,0.015449033914283176,0.3889814533534611
436,-0.08773166273113484,-0.20524493687181453,0.0232286629813524,0.10120922320878012
437,-0.09183656146857112,-0.010463455482471379,0.025252847445528002,-0.18405556583077115
438,-0.09204583057822055,0.18428823595928215,0.02157173612891258,-0.4686664140741969
439,-0.0883600658590349,-0.011131714418387034,0.01219840784742864,-0.16926308981120436
440,-0.08858270014740265,0.18381352965010964,0.008813146051204554,-0.45807295715967566
441,-0.08490642955440045,-0.011431894687693511,-0.00034831309198895925,-0.1626251629422465
442,-0.08513506744815431,-0.20654885784318602,-0.003600816350833889,0.12994785999003178
443,-0.08926604460501804,-0.01137551058051603,-0.0010018591510332535,-0.16386890068005644
444,-0.08949355481662837,-0.20648310560075506,-0.0042792371646343825,0.1284977984338806
445,-0.09362321692864346,-0.01130011506378012,-0.0017092811959567703,-0.16553209863813168
446,-0.09384921922991907,-0.206397556723108,-0.005019923168719404,0.1266111079203644
447,-0.09797717036438122,-0.401447234971551,-0.002487701010312116,0.41770608770307793
448,-0.10600611506381225,-0.5965338441876454,0.005866420743749443,0.7096037126920531
449,-0.11793679194756515,-0.7917365530907585,0.020058494997590506,1.0041274554569732
450,-0.13377152300938033,-0.9871206142254025,0.04014104410672997,1.3030413926339335
451,-0.15351393529388838,-0.7925301801084584,0.06620187195940865,1.0231891659905834
452,-0.16936453889605754,-0.9884684808214604,0.08666565527922032,1.335901936447837
453,-0.18913390851248674,-0.794538835759425,0.11338369400817706,1.071547048648348
454,-0.20502468522767525,-0.9909622532844402,0.13481463498114402,1.39755373608927
455,-0.22484393029336405,-0.7977496811357703,0.16276570970292942,1.1498801673977876
456,-0.24079892391607946,-0.6050821777388817,0.18576331305088517,0.9123407819815245
457,-0.2529005674708571,-0.8021654609766957,0.20401012869051566,1.2571804939993252
458,-0.268943876690391,-0.6101530906318737,0.22915373857050217,1.0346986516633978
459,-0.04191119422726837,0.1498815577057106,0.031974852956527425,-0.3004049946293199
460,-0.038913563073154155,0.344533513108915,0.025966753063941028,-0.5828346776110362
461,-0.03202289281097585,0.5392822290097979,0.014310059511720303,-0.867225904247459
462,-0.021237248230779895,0.3439685044087353,-0.0030344585732288796,-0.5700782998614036
463,-0.014357878142605189,0.1488892408211042,-0.014436024570456951,-0.27835288113878376
464,-0.011380093326183106,0.34421412756465863,-0.020003082193232626,-0.5755537264906878
465,-0.004495810774889933,0.1493782125955454,-0.03151415672304638,-0.2892388348704161
466,-0.0015082465229790246,0.3449350458412135,-0.037298933420454705,-0.5916920635535607
467,0.005390454393845246,0.5405587810160208,-0.049132774691525924,-0.8958869186023164
468,0.016201630014165663,0.7363112281657459,-0.06705051306357225,-1.2036004711448207
469,0.030927854577480582,0.9322328558147033,-0.09112252248646867,-1.5165206293711704
470,0.04957251169377465,0.7383238259384848,-0.12145293507389207,-1.2536167775812674
471,0.06433898821254434,0.9347737611335408,-0.14652527062551743,-1.5817404457343258
472,0.08303446343521516,1.1313042419245827,-0.17816007954020394,-1.9163016919880582
473,0.10566054827370681,1.3278409811621519,-0.2164861133799651,-2.2585428655151527
474,-0.013758231595645189,-0.14586370650140712,0.01936770891634516,0.3189415361790273
475,-0.01667550572567333,0.048977127751138105,0.02574653963992571,0.03242884831903653
476,-0.01569596317065057,0.243720581785353,0.02639511660630644,-0.25202087239636045
477,-0.01082155153494351,0.4384558746456969,0.02135469915837923,-0.5362627999906433
478,-0.0020524340420295713,0.6332711527047135,0.010629443158566365,-0.8221412850100154
479,0.010612989012064698,0.828246071047684,-0.005813382541633943,-1.1114621432986191
480,0.027177910433018378,0.633200966320007,-0.028042625407606325,-0.8206085547565427
481,0.03984192975941852,0.8286952122368649,-0.044454796502737176,-1.1219780816620037
482,0.05641583400415582,0.6341834981536703,-0.06689435813597724,-0.843564168626483
483,0.06909950396722922,0.8301514766781566,-0.0837656415085069,-1.156510962183918
484,0.08570253350079235,1.0262595108349841,-0.10689586075218527,-1.4742399044538304
485,0.10622772371749203,1.222513161574849,-0.13638065884126188,-1.798307644363643
486,0.13067798694898902,1.0291555159590438,-0.17234681172853475,-1.5509360251626396
487,0.1512610972681699,1.2258747271806507,-0.20336553223178755,-1.8920627431869255
488,0.1757785918117829,1.4225411149850358,-0.24120678709552607,-2.240361285332719
489,0.005984119441523449,-0.14515701431459738,-0.021618438528525206,0.25697667063838536
490,0.003080979155231502,-0.3399637540298422,-0.0164789051157575,0.5427631738012175
491,-0.003718295925365342,-0.14461413112310526,-0.005623641639733149,0.24493394572934396
492,-0.006610578547827447,0.05058768879824149,-0.0007249627251462694,-0.04951749609862527
493,-0.005598824771862618,-0.144523859629465,-0.0017153126471187749,0.24293661061169303
494,-0.008489301964451919,0.05062255085685266,0.003143419565115086,-0.050286876154747584
495,-0.007476850947314866,0.2456992878504845,0.002137682042020134,-0.34197637213860743
496,-0.0025628651903051754,0.44079076034212816,-0.0047018454007520145,-0.6339844342047714
497,0.006252950016537388,0.24573471125341695,-0.017381534084847442,-0.3427859321495366
498,0.011167644241605726,0.050864301416232355,-0.024237252727838176,-0.055634385348698245
499,0.012184930269930373,0.24632524101679074,-0.02534994043481214,-0.3558647367950705
500,0.017111435090266188,0.05157271312038722,-0.03246723517071355,-0.07128188803574453
501,0.018142889352673934,0.24714472460574397,-0.03389287293142844,-0.3740289916021225
502,0.023085783844788814,0.052520202171110475,-0.04137345276347089,-0.09222246671071582
503,0.024136187888211022,0.24820999281398395,-0.0432179020976852,-0.39766628281715327
504,0.0291003877444907,0.44391758467059556,-0.05117122775402827,-0.7036556664064056
505,0.037978739437902614,0.639709937506084,-0.06524434108215638,-1.0119975448807828
506,0.050772938188024294,0.8356388512133655,-0.08548429197977203,-1.3244338413475814
507,0.0674857152122916,1.031730098924583,-0.11197296880672367,-1.6425984387915507
508,0.08812031719078327,1.2279711014860497,-0.14482493758255469,-1.9679678299171695
509,0.11267973922050425,1.0346465571354457,-0.18418429418089807,-1.723446676911045
510,0.13337267036321318,0.842048713240841,-0.21865322771911896,-1.4932808572404515
511,0.043201297808287624,0.22191409053945407,0.0382337838289223,-0.2833132064107041
512,0.04763957961907671,0.4164704407549379,0.03256751970070822,-0.5636964586323632
513,0.055968988434175464,0.2209070200277079,0.021293590528060954,-0.2609337227734669
514,0.060387128834729624,0.02548767661554624,0.016074916072591615,0.03838868255380512
515,0.06089688236704055,0.2203754683077347,0.016842689723667717,-0.24917941432445845
516,0.06530439173319524,0.025017088792866377,0.011859101437178547,0.048768108705199154
517,0.06580473350905257,-0.17027288627595327,0.01283446361128253,0.3451689667129511
518,0.062399275783533506,-0.3655750366560142,0.019737842945541553,0.6418712931901849
519,0.05508777505041322,-0.1707337017966425,0.03257526880934525,0.35546876817248674
520,0.051673101014480374,0.023910310079656077,0.039684644172794985,0.07323308158580966
521,0.05215130721607349,0.21844152543409304,0.04114930580451118,-0.2066697772080761
522,0.05652013772475535,0.4129516298652112,0.03701591026034966,-0.48609346875312165
523,0.06477917032205957,0.6075322355049351,0.027294040885287224,-0.7668842499642734
524,0.07692981503215827,0.41204535392273295,0.011956355886001756,-0.46573969218970396
525,0.08517072211061294,0.21675652022204714,0.0026415620422076767,-0.16931229456494273
526,0.08950585251505389,0.41184056202543273,-0.0007446838490911779,-0.46116071798300495
527,0.09774266375556254,0.606973030670666,-0.009967898208751276,-0.7540782768236326
528,0.10988212436897586,0.8022309774084112,-0.02504946374522393,-1.0498811601197526
529,0.1259267439171441,0.6074501284387281,-0.046047086947618984,-0.7651653192364818
530,0.13807574648591867,0.4129914822720104,-0.061350393332348624,-0.4873195932847448
531,0.14633557613135886,0.6089229836723292,-0.07109678519804352,-0.7986896261443202
532,0.15851403580480544,0.414844683239857,-0.08707057772092992,-0.5291924788475907
533,0.16681092946960258,0.6110767127471406,-0.09765442729788174,-0.8479918764330557
534,0.1790324637245454,0.8073853374896255,-0.11461426482654286,-1.1697166638343113
535,0.19518017047433792,1.0037960425111632,-0.13800859810322907,-1.496022604047105
536,0.2152560913245612,0.8105954612992058,-0.16792905018417117,-1.2494230332341463
537,0.2314680005505453,0.6179760171112475,-0.1929175108488541,-1.0136976493714827
538,0.24382752089277027,0.42587710946007423,-0.21319146383628376,-0.7872613012140808
539,0.018434801934528955,-0.1626857779167527,0.00663860180193001,0.31499706405750627
540,0.0151810863761939,-0.35790166146623875,0.012938543083080137,0.6097661714749356
541,0.008023053146869125,-0.5532020642017141,0.02513386651257885,0.9064960806247613
542,-0.0030409881371651574,-0.35842927114971784,0.043263788125074074,0.6218177451011346
543,-0.010209573560159516,-0.5541278135846646,0.05570014302709676,0.9278064628530815
544,-0.02129212983185281,-0.3598003474902691,0.07425627228415839,0.6531346990765131
545,-0.02848813678165819,-0.16578668741586694,0.08731896626568865,0.3847274695698824
546,-0.03180387052997553,-0.3620327641187677,0.0950135156570863,0.7036142395042484
547,-0.03904452581235088,-0.16834699271936207,0.10908580044717127,0.4422879430401715
548,-0.04241146566673812,0.02507591905187556,0.11793155930797469,0.1858857786947719
549,-0.041909947285700605,0.21833040863231448,0.12164927488187013,-0.06739090892823629
550,-0.03754333911305432,0.4115172731708102,0.12030145670330541,-0.31935294442826484
551,-0.029312993649638113,0.21490576316092982,0.11391439781474012,0.00871618510368588
552,-0.025014878386419515,0.01835004132858062,0.11408872151681385,0.3350573307471395
553,-0.024647877559847903,-0.17819509911107856,0.12078986813175664,0.6614277793809082
554,-0.028211779542069475,-0.37477228109533633,0.1340184237193748,0.9895710214941582
555,-0.0357072251639762,-0.18167402166131785,0.15380984414925797,0.7418044854887671
556,-0.03934070559720256,-0.3785468427177917,0.16864593385903331,1.0786694699764143
557,-0.0469116424515584,-0.575445399964357,0.1902193232585616,1.419174398902956
558,-0.058420550450845536,-0.383117710615098,0.21860281123662073,1.1914742815998305
559,0.011574941183655471,0.17226735043856006,0.02730261652975076,-0.30637075035537015
560,0.015020288192426672,-0.023232805122222172,0.021175201522643357,-0.005203837370412467
561,0.014555632089982229,-0.21865193784867543,0.02107112477523511,0.2940841903255979
562,0.010182593333008721,-0.023836638262359627,0.02695280858174707,0.008120563194180308
563,0.009705860567761529,0.17088861100307481,0.027115219845630676,-0.27593805660113285
564,0.013123632787823025,0.36561342168976585,0.02159645871360802,-0.5599470050128126
565,0.02043590122161834,0.5604257026897439,0.010397518613351767,-0.845748417489466
566,0.031644415275413215,0.3651634468435232,-0.006517449736437555,-0.5498140503003388
567,0.03894768421228368,0.5603763363251115,-0.017513730742444333,-0.844543282136437
568,0.05015521093878591,0.3654976932014049,-0.03440459638517307,-0.5574189213756665
569,0.05746516480281401,0.5610853069000634,-0.0455529748126864,-0.8607396807240648
570,0.06868687094081527,0.3666123415058862,-0.06276776842716769,-0.5827207828871958
571,0.076019117770933,0.1724233361490162,-0.07442218408491161,-0.3104524938128693
572,0.07946758449391332,-0.021563748459860588,-0.08063123396116899,-0.04213724658127371
573,0.0790363095247161,0.17461630451888757,-0.08147397889279447,-0.35913116562509
574,0.08252863561509385,0.3707962318746394,-0.08865660220529627,-0.6763517718435172
575,0.08994456025258664,0.5670309179777981,-0.10218363764216662,-0.9955786653345282
576,0.1012851786121426,0.37341302219295003,-0.12209521094885718,-0.7366564843316312
577,0.1087534390560016,0.18017000387221616,-0.13682834063548982,-0.4847566877659857
578,0.11235683913344592,-0.01278261991680818,-0.14652347439080954,-0.23813499752997422
579,0.11210118673510976,-0.20554058994862423,-0.15128617434140904,0.004979821218893593
580,0.10799037493613728,-0.008609223172513142,-0.15118657791703116,-0.33135188428613394
581,0.10781819047268702,-0.20129214730388312,-0.15781361560275384,-0.08990409795976848
582,0.10379234752660936,-0.004301559630634305,-0.1596116975619492,-0.4279229061196601
583,0.10370631633399667,0.1926783026319979,-0.1681701556843424,-0.7663638508640715
584,0.10755988238663663,0.0002215567233241067,-0.18349743270162383,-0.5309606097360258
585,0.10756431352110311,0.19738592896045093,-0.19411664489634434,-0.8753880399297775
586,0.11151203210031213,0.005357109221998918,-0.2116244056949399,-0.6494672629586267
587,-0.014327937808327246,0.21941978723905584,-0.01090489478896711,-0.2825059844015361
588,-0.00993954206354613,0.4146955700674869,-0.016555014476997833,-0.5786082181749492
589,-0.00164563066219639,0.21980949946890022,-0.02812717884049682,-0.29118612239866853
590,0.002750559327181614,0.41532098164651693,-0.03395090128847019,-0.5926056461134763
591,0.011056978960111954,0.2206903411584394,-0.04580301421073972,-0.310807574500053
592,0.015470785783280743,0.026249865572301273,-0.05201916570074078,-0.03291412571162078
593,0.015995783094726768,0.22207770882996547,-0.052677448214973194,-0.34154528677894674
594,0.020437337271326076,0.0277432618203044,-0.05950835395055213,-0.06592797689167007
595,0.020992202507732163,-0.16647725195131355,-0.06082691348838553,0.2074019773310113
596,0.017662657468705892,0.029459365336528126,-0.0566788739417653,-0.10383149177710238
597,0.018251844775436454,-0.16480644810741926,-0.05875550377730735,0.17044462682561606
598,0.014955715813288068,-0.35904035454839134,-0.05534661124079503,0.4440285482371193
599,0.0077749087223202415,-0.16318076770460746,-0.04646604027605264,0.1344254303925353
600,0.004511293368228092,0.0325748931695336,-0.04377753166820193,-0.17254722742744272
601,0.005162791231618764,0.22829517697747442,-0.04722847621675079,-0.47871286237261945
602,0.009728694771168254,0.4240509662126997,-0.05680273346420318,-0.7858991385769982
603,0.01820971409542225,0.2297535109339465,-0.07252071623574315,-0.5116140366874697
604,0.022804784314101177,0.4258180515116685,-0.08275299696949254,-0.8262402281297583
605,0.03132114534433455,0.23191937282134348,-0.0992778015320877,-0.5606891364747455
606,0.03595953280076142,0.4282842280075725,-0.11049158426158262,-0.8829258212595749
607,0.04452521736091287,0.6247192998851598,-0.12815010068677413,-1.2082001099931805
608,0.05701960335861606,0.43146410334576635,-0.15231410288663774,-0.9582674439168214
609,0.06564888542553139,0.2386817337842692,-0.17147945176497417,-0.7170491623860478
610,0.07042252010121677,0.43570964112304367,-0.18582043501269513,-1.0584246713744645
611,0.07913671292367765,0.6327415787133562,-0.2069889284401844,-1.4032020762444932
612,0.09179154449794477,0.4407027872434528,-0.23505296996507427,-1.18171385801226
613,-0.04650209937727964,-0.17512301641023215,-0.025633016226849437,0.2772082889492396
614,-0.050004559705484286,-0.36987007438128416,-0.020088850447864647,0.561697630493051
615,-0.05740196119310997,-0.5647044302313688,-0.008854897838003627,0.847984470665387
616,-0.06869604979773734,-0.759704489135509,0.008104791575304112,1.1378697858017304
617,-0.08389013958044753,-0.954931493910896,0.030862187291338716,1.4330834576519804
618,-0.10298876945866545,-0.7602036107264938,0.059523856444378326,1.1502027696124042
619,-0.11819284167319533,-0.9560497109179698,0.08252791183662642,1.4609413299531062
620,-0.13731383589155471,-0.7620307827790312,0.11174673843568854,1.1951391248916423
621,-0.15255445154713534,-0.5685188162123411,0.1356495209335214,0.9394668345013264
622,-0.16392482787138216,-0.7651827888446108,0.15443885762354792,1.271511637703696
623,-0.17922848364827437,-0.961901341120404,0.17986909037762183,1.6083021951151748
624,-0.19846651047068245,-1.158635409986618,0.21203513427992532,1.951239296559491
625,-0.02664039099132977,-0.2308190186055047,-0.021593296385638668,0.2746107078182021
626,-0.031256771363439864,-0.03539573899112872,-0.016101082229274626,-0.024803809984910663
627,-0.031964686143262436,0.15995337045618901,-0.01659715842897284,-0.32252300618471286
628,-0.028765618734138656,0.35530768403291546,-0.0230476185526671,-0.6203934579772101
629,-0.021659465053480348,0.5507438063445187,-0.0354554877122113,-0.9202451841837364
630,-0.010644588926589973,0.7463265454397172,-0.053860391395886026,-1.2238566426334612
631,0.004281941982204371,0.5519380920973131,-0.07833752424855525,-0.9485240927083275
632,0.015320703824150635,0.35795326146021883,-0.0973080061027218,-0.6814469032739828
633,0.02247976905335501,0.16430778433047732,-0.11093694416820146,-0.4209162293142346
634,0.025765924739964557,-0.029081889755311147,-0.11935526875448615,-0.16516352704354842
635,0.025184286944858334,-0.22231102991206128,-0.12265853929535712,0.08761092870696974
636,0.02073806634661711,-0.025663880819866203,-0.12090632072121774,-0.24111489434250893
637,0.020224788730219784,-0.21886989381680305,-0.12572861860806792,0.011118524650242267
638,0.015847390853883724,-0.4119854754753185,-0.12550624811506306,0.26163847440705196
639,0.007607681344377353,-0.2153162708199598,-0.12027347862692202,-0.06784700021739792
640,0.0033013559279781567,-0.40852692689985404,-0.12163041863126997,0.1846001005213892
641,-0.004869182610018924,-0.21189360939173002,-0.11793841662084219,-0.143842063138371
642,-0.009107054797853524,-0.015297427632721294,-0.12081525788360961,-0.47128136818527705
643,-0.00941300335050795,-0.2085242694230016,-0.13024088524731514,-0.218987174711111
644,-0.013583488738967982,-0.011804386255082261,-0.13462062874153735,-0.5497505211042282
645,-0.013819576464069627,0.18492610388813088,-0.1456156391636219,-0.8816353526799341
646,-0.010121054386307008,0.3816938322590382,-0.1632483462172206,-1.2163231508074461
647,-0.002487177741126244,0.5785006718952789,-0.1875748092333695,-1.5553905781598816
648,0.009082835696779333,0.7753091731741644,-0.21868262079656714,-1.90024928867449
649,-0.00426291771218311,0.17072112863519762,0.0436094999328001,-0.31328896972016845
650,-0.0008484951394791577,0.36519557801553726,0.03734372053839673,-0.591906171297117
651,0.006455416420831588,0.5597753790227987,0.025505597112454387,-0.872595880302957
652,0.017650924001287562,0.7545413772267102,0.008053679506395246,-1.157152023560535
653,0.03274175154582177,0.9495574271160085,-0.015089360964815456,-1.447298855454979
654,0.051732900088141937,1.144861660242514,-0.044035338073915034,-1.7446579581129056
655,0.07463013329299222,0.9502672918191546,-0.07892849723617315,-1.46599157052783
656,0.09363547912937531,0.7561955574039321,-0.10824832864672976,-1.1989711482159353
657,0.10875939027745395,0.9525386437538576,-0.13222775161104847,-1.5235248372458952
658,0.1278101631525311,0.759238302315006,-0.16269824835596636,-1.2748671824425215
659,0.14299492919883122,0.5665218648677488,-0.18819559200481678,-1.0372326349928733
660,0.1543253664961862,0.7635784922636671,-0.20894024470467426,-1.382602031130821
661,0.16959693634145953,0.5715841835530346,-0.23659228532729068,-1.1618564661975175
662,-0.027552669363768406,0.15743501857255732,0.045254080126113636,-0.2636798937144591
663,-0.02440396899231726,-0.03830267704819479,0.039980482251824455,0.04292621677331748
664,-0.025170022533281156,-0.2339744508511533,0.0408390065872908,0.34795046230302
665,-0.02984951155030422,-0.4296527532505331,0.04779801583335121,0.6532265128377694
666,-0.03844256661531488,-0.23522783849062898,0.06086254609010659,0.37596948836395533
667,-0.04314712338512746,-0.04102077666191911,0.0683819358573857,0.10308081619586607
668,-0.04396753891836584,0.15305793906620047,0.07044355218130302,-0.16726825098903725
669,-0.040906380137041835,0.3471045459241276,0.06709818716152227,-0.43692299255627715
670,-0.03396428921855928,0.5412157344335797,0.05835972731039673,-0.7077225124092359
671,-0.02313997452988769,0.3453359796119855,0.044205277062212014,-0.39725507011465805
672,-0.01623325493764798,0.5398038042148607,0.036260175659918854,-0.675679726133648
673,-0.005437178853350764,0.34419724180529143,0.022746581137245894,-0.37180459333914967
674,0.0014467659827550649,0.5389887804256766,0.0153104892704629,-0.6572293964799378
675,0.012226541591268597,0.7338943001908356,0.002165901340864144,-0.9450523027976359
676,0.02690442759508531,0.9289870095822872,-0.016735144715088572,-1.2370539059849888
677,0.045484167786731054,0.7340840296733745,-0.04147622283478835,-0.9496602771934028
678,0.06016584838019855,0.9297390322012182,-0.060469428378656404,-1.2550808951968677
679,0.07876062902422291,0.7354412368726212,-0.08557104628259377,-0.9819340643733028
680,0.09346945376167534,0.9315991812156557,-0.10520972757005982,-1.3002215734340585
681,0.11210143738598846,1.12788728258705,-0.131214159038741,-1.6239003078250427
682,0.13465918303772947,1.324286894421755,-0.16369216519524188,-1.9544336405870242
683,0.16114492092616456,1.5207257032536774,-0.20278083800698238,-2.293063821952697
684,0.19155943499123812,1.7170609509413342,-0.24864211444603632,-2.6407422502992692
685,0.030597209445208808,0.1911951469013806,0.0009457731386543222,-0.25886860690361446
686,0.03442111238323642,-0.003940293476035445,-0.004231598999417967,0.03411248001426953
687,0.03434230651371571,0.19124208380560564,-0.0035493493991325766,-0.2599025510403715
688,0.038167148189827825,-0.0038290190698134774,-0.008747400419940007,0.0316587536304172
689,0.03809056780843156,0.19141727460190153,-0.008114225347331663,-0.26377118512771064
690,0.04191891330046959,-0.0035879231949932366,-0.013389649049885877,0.026341426094143527
691,0.04184715483656972,0.19172346118231548,-0.012862820528003006,-0.27053582809531246
692,0.04568162406021603,0.3870265810278274,-0.018273537089909257,-0.5672478381618391
693,0.053422155680772576,0.19216566515909494,-0.02961849385314604,-0.280377385198307
694,0.05726546898395447,0.3876973219225717,-0.03522604155711218,-0.582252795462037
695,0.06501941542240591,0.19308615982466318,-0.04687109746635292,-0.3008714640441557
696,0.06888113861889918,-0.0013374827972665038,-0.052888526747236035,-0.02333134603622128
697,0.06885438896295384,-0.19566264085323049,-0.05335515366796046,0.25220683302577973
698,0.06494113614588923,-0.38998372319293073,-0.04831101700744486,0.5275946903985398
699,0.05714146168203061,-0.5843938408713678,-0.03775912319947407,0.8046717102275733
700,0.045453584864603255,-0.3887751279449595,-0.0216656889949226,0.5003542492366198
701,0.03767808230570407,-0.5835850601033028,-0.011658604010190206,0.7861313527662348
702,0.02600638110363801,-0.7785449152822235,0.00406402304513449,1.075123709175949
703,0.01043548279799354,-0.5834769002186522,0.025566497228653468,0.7837189224124844
704,-0.0012340552063795033,-0.3887154445400474,0.041240875676903155,0.49918794379847153
705,-0.009008364097180453,-0.5843938183284223,0.051224634552872586,0.8045773118212106
706,-0.020696240463748898,-0.39001017033840113,0.0673161807892968,0.5284377551040172
707,-0.02849644387051692,-0.5860114045887338,0.07788493589137714,0.841549741490362
708,-0.040216671962291596,-0.3920340913043772,0.09471593072118438,0.5743408624082667
709,-0.04805735378837914,-0.19835871273127037,0.10620274796934971,0.3129347992998164
710,-0.052024528043004545,-0.004897373072655892,0.11246144395534605,0.05554273914053881
711,-0.052122475504457665,-0.20143716458406366,0.11357229873815683,0.38148408919589516
712,-0.056151218796138935,-0.3979731527983992,0.12120198052207473,0.7077073455856127
713,-0.06411068185210692,-0.20472007119269897,0.135356127433787,0.4555004766778353
714,-0.06820508327596089,-0.4014701359914926,0.1444661369673437,0.7875994618352171
715,-0.07623448599579075,-0.20859670395706542,0.16021812620404804,0.5436285450272447
716,-0.08040642007493205,-0.40556449331657973,0.17109069710459293,0.8821990957402026
717,-0.08851770994126365,-0.2131275206747808,0.18873467901939697,0.647813729815822
718,-0.09278026035475927,-0.021066337291312437,0.2016909536157134,0.41999692952505313
719,-0.09320158710058551,0.17071221815164367,0.21009089220621446,0.19705627322645017
720,0.03261891997853756,0.2390406132001498,0.023984333183334327,-0.32903370188636316
721,0.037399732242540555,0.04358558187159664,0.017403659145607063,-0.028884759298029528
722,0.038271443879972486,-0.15178156934190556,0.016825963959646473,0.2692380054597912
723,0.03523581249313437,-0.3471395474973814,0.022210724068842298,0.5671800923635265
724,0.028293021543186744,-0.1523360861486175,0.03355432591611283,0.2815763881650562
725,0.025246299820214393,0.04229157516457685,0.03918585367941395,-0.0003376510403957367
726,0.02609213132350593,-0.15336981095144323,0.03917910065860603,0.3044468166785082
727,0.023024735104477067,0.04117253212317967,0.0452680369921762,0.024372949532741217
728,0.02384818574694066,0.23561705089675938,0.045755495982831025,-0.25369078062683914
729,0.028560526764875846,0.03987265105782714,0.040681680370294244,0.05306594246703217
730,0.029357979786032388,0.2343883803148082,0.04174299921963489,-0.2265091269725571
731,0.03404574739232855,0.42888967566342784,0.037212816680183745,-0.5057380432295452
732,0.04262354090559711,0.23326362735448491,0.02709805581559284,-0.20156408040679713
733,0.04728881345268681,0.42798775708435427,0.023066774207456897,-0.4855771880088887
734,0.0558485685943739,0.6227767377605931,0.013355230447279123,-0.7709019003106249
735,0.06830410334958575,0.4274735675590986,-0.002062807558933375,-0.4740469496132955
736,0.07685357470076773,0.23238080842905612,-0.011543746551199286,-0.18201489852561187
737,0.08150119086934886,0.4276660219967628,-0.015184044521711524,-0.47831698770377507
738,0.09005451130928412,0.2327616974352866,-0.024750384275787025,-0.1904581399234649
739,0.09470974525798985,0.03800241010884939,-0.028559547074256324,0.09431544609836395
740,0.09546979346016683,0.23352181080014123,-0.026673238152289044,-0.20723942230611442
741,0.10014022967616966,0.03879122885678629,-0.030818026598411333,0.07691154708828613
742,0.10091605425330538,0.2343411128261571,-0.02927979565664561,-0.22533306283644783
743,0.10560287650982852,0.4298690270838044,-0.03378645691337457,-0.5271062526899408
744,0.11420025705150462,0.23523834844790742,-0.04432858196717339,-0.24525817928128163
745,0.11890502402046277,0.04077664273947182,-0.049233745552799024,0.033119499598963875
746,0.11972055687525221,-0.15360596920037395,-0.04857135556081975,0.30987123267372363
747,0.11664843749124473,-0.3480034484185493,-0.04237393090734527,0.5868491912675942
748,0.10968836852287375,-0.15231444782002543,-0.03063694708199339,0.281124970102284
749,0.10664207956647324,-0.3469862913032038,-0.025014447679947708,0.5639898500744777
750,0.09970235374040917,-0.5417484949549406,-0.013734650678458155,0.8486882792958934
751,0.08886738384131036,-0.736680456576714,0.003239114907459713,1.1370207827502479
752,0.07413377470977608,-0.9318446258555602,0.02597953056246467,1.4307177990602764
753,0.05549688219266488,-1.1272774685412605,0.0545938865436702,1.7314052629787076
754,0.032951332821839666,-1.3229785955283988,0.08922199180324436,2.0405622285205456
755,0.006491760911271689,-1.128880228076795,0.13003323637365527,1.7767692349498587
756,-0.01608584365026421,-0.9354408108364295,0.16556862107265244,1.527181879912503
757,-0.0347946598669928,-1.1321281561980454,0.19611225867090248,1.866633370932755
758,-0.05743722299095371,-0.9396196321049022,0.23344492608955758,1.6406938540172644
759,0.04612369500138681,-0.20275245079597465,-0.04327456613352692,0.26020977140274953
760,0.042068645985467314,-0.0070403121308197925,-0.03807037070547193,-0.04580235051508602
761,0.04192783974285092,0.18860628027710896,-0.03898641771577365,-0.35024957955202163
762,0.0456999653483931,0.3842603738965573,-0.045991409306814085,-0.6549668146891305
763,0.05338517282632425,0.18980791007992048,-0.0590907456005967,-0.37711325344846414
764,0.05718133102792266,-0.004427190843106471,-0.06663301066956598,-0.10363168535554823
765,0.05709278721106053,0.19158326683569313,-0.06870564437667695,-0.41657051648557547
766,0.06092445254777439,0.38760823647057374,-0.07703705470638846,-0.7300978184424112
767,0.06867661727718587,0.19363078806521491,-0.09163901107523668,-0.46262111682582213
768,0.07254923303849016,-8.467947471327286e-05,-0.10089143341175313,-0.20017131319472403
769,0.07254753944899589,-0.19362977013789587,-0.10489485967564761,0.059058207424721176
770,0.06867494404623797,-0.38710354855072504,-0.10371369552715319,0.31689118791998716
771,0.06093287307522347,-0.19066902999724086,-0.09737587176875345,-0.006614485965960593
772,0.05711949247527866,-0.3842693863005296,-0.09750816148807266,0.2538270534734606
773,0.049434104749268064,-0.5778736308770742,-0.09243162041860345,0.5142319514294076
774,0.03787663213172658,-0.38157978679531335,-0.08214698139001529,0.19391186510655434
775,0.030245036395820313,-0.18538468729475424,-0.0782687440878842,-0.12351243950358287
776,0.02653734264992523,-0.3793031471507482,-0.08073899287795586,0.14348722346612874
777,0.018951279706910268,-0.5731815524535784,-0.07786924840863328,0.40964597488190174
778,0.0074876486578387,-0.7671181173551544,-0.06967632891099525,0.6767988698619622
779,-0.00785471368926439,-0.5711007670585817,-0.056140351513756,0.36301800335458817
780,-0.019276729030436025,-0.375227709586595,-0.04887999144666424,0.053174706465025756
781,-0.026781283222167926,-0.5696159444825387,-0.047816497317363725,0.3300438004497313
782,-0.0381736021118187,-0.3738470860969366,-0.0412156213083691,0.022673462179231108
783,-0.04565054383375743,-0.1781590420861623,-0.04076215206478448,-0.28272328590548323
784,-0.04921372467548068,0.017519895945589198,-0.046416617782894146,-0.5879786328015679
785,-0.048863326756568896,-0.1769223477310322,-0.0581761904389255,-0.31027099151601356
786,-0.05240177371118954,0.0189781342356016,-0.06438161026924577,-0.6207187440882559
787,-0.052022211026477506,0.21493732785200545,-0.07679598515101088,-0.9329636779054047
788,-0.0477234644694374,0.02093082367580329,-0.09545525870911897,-0.6653674663450602
789,-0.047304847995921336,0.2172417908208901,-0.10876260803602017,-0.9865146366951902
790,-0.042960012179503536,0.4136388972164509,-0.12849290076992398,-1.3112827836392609
791,-0.034687234235174516,0.2203567664490161,-0.1547185564427092,-1.0614227204548168
792,-0.030280098906194194,0.027584050120703002,-0.17594701085180556,-0.8210236631564959
793,-0.029728417903780134,0.2246207344050281,-0.19236748411493548,-1.1634776172877976
794,-0.02523600321567957,0.032451516798494506,-0.21563703646069143,-0.9367486897402717
795,0.030915217199436486,0.15455018473772797,0.04119999290639773,-0.3289932265672989
796,0.034006220894191044,-0.04113332620037155,0.034620128375051754,-0.023607674186319982
797,0.03318355437018361,0.15347547697948,0.03414797489132535,-0.305169675007449
798,0.03625306390977321,-0.04211604155077575,0.02804458139117637,-0.0019158841428918438
799,0.035410743078757696,-0.23762873360765124,0.028006263708318536,0.2994818598424607
800,0.030658168406604673,-0.04291694480944333,0.03399590090516775,0.01576147612250961
801,0.029799829510415807,0.1517013876861975,0.03431113042761794,-0.26600447567833957
802,0.03283385726413976,0.3463172635756044,0.02899104091405115,-0.5476709789688027
803,0.03976020253565185,0.5410201855693102,0.018037621334675097,-0.8310804654300978
804,0.05058060624703806,0.7358910222806506,0.0014160120260731414,-1.118036396907562
805,0.06529842669265107,0.9309943640690838,-0.0209447159120781,-1.4102748087938894
806,0.08391831397403274,1.1263696975241457,-0.04915021208795589,-1.7094308269965848
807,0.10644570792451566,0.9318457892738251,-0.08333882862788758,-1.4324416786304968
808,0.12508262370999215,1.1278913773051933,-0.11198766220049752,-1.749962709525164
809,0.147640451256096,0.9342052091512633,-0.1469869163910008,-1.494108949256065
810,0.16632455543912128,0.7411450707915448,-0.1768690953761221,-1.2507001472658879
811,0.18114745685495218,0.9380364989342325,-0.20188309832143986,-1.5931586749597655
812,0.19990818683363681,0.7458008327435828,-0.23374627182063518,-1.369612700278176
813,0.040937527173860226,-0.1716445757538133,0.022325478530628617,0.3412879175724825
814,0.03750463565878396,-0.3670769375609725,0.02915123688207827,0.6409265521926566
815,0.03016309690756451,-0.17237324297578518,0.0419697679259314,0.35756434497946377
816,0.026715632048048808,-0.3680659544708751,0.04912105482552068,0.6631804109088839
817,0.019354312958631305,-0.5638356366550947,0.06238466304369836,0.9709165123282797
818,0.00807760022552941,-0.759736904262345,0.08180299329026396,1.2825259824309334
819,-0.007117137859717489,-0.9557998899877507,0.10745351293888263,1.5996602754664997
820,-0.026233135659472502,-1.1520181676143622,0.1394467184482126,1.9238207104374943
821,-0.049273499011759744,-1.3483347579205018,0.1779231326569625,2.2563017394541305
822,-0.07624019417016978,-1.5446259351398586,0.2230491674460451,2.598124194817798
823,0.031165351056194113,0.18805722536373587,-0.04399313903716578,-0.27032891309669255
824,0.03492649556346883,-0.006410227479692415,-0.04939971729909963,0.008160221786412292
825,0.03479829101387498,-0.2007901892651371,-0.049236512863371384,0.2848568624937487
826,0.030782487228572238,-0.005001852716689681,-0.04353937561349641,-0.022939423461260988
827,0.030682450174238443,-0.1994732390366503,-0.043998164082721634,0.2556946759399293
828,0.02669298539350544,-0.003751614745755971,-0.038884270563923046,-0.050534929402224704
829,0.02661795309859032,0.19190569973912674,-0.03989496915196754,-0.3552281506022067
830,0.030456067093372854,-0.002626973185316378,-0.046999532164011676,-0.07538733513539375
831,0.030403527629666527,-0.19704473422214153,-0.04850727886671955,0.20210449465042768
832,0.026462632945223698,-0.0012638213120765018,-0.044465188973710996,-0.10547699253940257
833,0.02643735651898217,0.19446620555028032,-0.04657472882449905,-0.4118502976633332
834,0.030326680629987775,3.437237414471994e-05,-0.054811734777765714,-0.13420683298828656
835,0.03032736807747067,-0.1942613654844874,-0.057495871437531446,0.1406925052612631
836,0.02644214076778092,0.0016349025361107328,-0.05468202133230619,-0.16956081316962207
837,0.026474838818503137,-0.19266345577217822,-0.05807323759569863,0.10538259712156706
838,0.022621569703059573,0.003240561945276721,-0.055965585653267286,-0.20504199055955213
839,0.02268638094196511,-0.1910382514857985,-0.060066425464458326,0.06947467217831854
840,0.01886561591224914,-0.3852499055921802,-0.058676932020891956,0.34261786635460795
841,0.011160617800405535,-0.18934438455681,-0.051824574693799794,0.032024193554036795
842,0.007373730109269335,-0.38368631935358477,-0.05118409082271906,0.3079161070654974
843,-0.0002999962778023604,-0.18787383041953917,-0.04502576868140911,-0.00045951954027945163
844,-0.004057472886193144,-0.38232209356084673,-0.0450349590722147,0.2776841648548301
845,-0.011703914757410078,-0.18658756235695753,-0.0394812757751181,-0.028855751269056595
846,-0.01543566600454923,0.00907768256473232,-0.04005839080049923,-0.33372938010318637
847,-0.015254112353254584,-0.18545191011109194,-0.04673297840256296,-0.053943094711694894
848,-0.018963150555476423,0.010307892194089258,-0.04781184029679685,-0.36099670127052674
849,-0.018756992711594637,0.2060756937791798,-0.055031774322207384,-0.6683641539158456
850,-0.014635478836011042,0.4019179627708444,-0.0683990574005243,-0.9778540153574666
851,-0.006597119580594155,0.20777649509163948,-0.08795613770767363,-0.7074164029311222
852,-0.002441589678761365,0.013976002119470338,-0.10210446576629607,-0.44366518535588956
853,-0.002162069636371958,-0.17956422605657882,-0.11097776947341387,-0.18483339921957442
854,-0.005753354157503535,-0.3729377715874381,-0.11467443745780535,0.07088201886621054
855,-0.013212109589252298,-0.5662448759957639,-0.11325679708048114,0.32529779822620497
856,-0.024537007109167577,-0.36970785422084423,-0.10675084111595705,-0.0008453632257457988
857,-0.031931164193584466,-0.5631497599128773,-0.10676774838047197,0.2563405817303891
858,-0.04319415939184201,-0.7565982040677917,-0.10164093674586419,0.5135308133458447
859,-0.05832612347319785,-0.95015279130622,-0.0913703204789473,0.7725332829416642
860,-0.07732917929932225,-1.1439067367781728,-0.07591965482011402,1.0351263614573964
861,-0.1002073140348857,-1.3379416791777996,-0.05521712759096609,1.3030414517663769
862,-0.1269661476184417,-1.532321444946214,-0.029156298555638557,1.5779411379842114
863,-0.15761257651736596,-1.7270841935128887,0.002402524204045676,1.8613903579301432
864,-0.19215426038762373,-1.5319886591059038,0.03963033136264854,1.5694542423422337
865,-0.2227940335697418,-1.3373616135406108,0.07101941620949322,1.2893911673473046
866,-0.24954126584055403,-1.5333113756941201,0.09680723955643931,1.6034370405309226
867,-0.28020749335443645,-1.7294365144794337,0.12887598036705777,1.9246642084225487
868,-0.31479622364402515,-1.9256846893375936,0.16736926453550877,2.254379975869363
869,-0.353309917430777,-2.1219378751959708,0.21245686405289602,2.593623370606275
870,0.04523064099335855,-0.14567125795616576,0.018251527907718536,0.284291216383909
871,0.042317215834235235,0.04918568781236904,0.023937352235396715,-0.002579869519783118
872,0.043300929590482616,-0.14627123551081925,0.023885754845001054,0.29755843181850444
873,0.04037550488026623,0.048502222922351124,0.029836923481371142,0.012503327372638984
874,0.04134554933871325,0.2431838497276372,0.030086990028823923,-0.2706183831377691
875,0.04620922633326599,0.43786382820999137,0.02467462236606854,-0.5536619480696587
876,0.05496650289746582,0.6326307564958663,0.013601383404675366,-0.8384698061483391
877,0.06761911802738314,0.43732573784716583,-0.0031680127182914155,-0.5415406925546375
878,0.07636563278432645,0.24224845710972048,-0.013998826569384167,-0.249857634019713
879,0.08121060192652087,0.04732918551081422,-0.018995979249778427,0.03837710492604823
880,0.08215718563673716,-0.1475152844443883,-0.01822843715125746,0.3250065976015857
881,0.07920687994784939,-0.3423730124692411,-0.011728305199225748,0.6118857673444438
882,0.07235941969846457,-0.537329099864001,0.0005094101476631266,0.9008517433711059
883,0.06161283770118455,-0.34221405471445465,0.018526445015085245,0.6083289801977962
884,0.05476855660689546,-0.5375900469278044,0.030693024619041172,0.9067891391601364
885,0.044016755668339375,-0.7331138127268004,0.0488288074022439,1.2089589845894901
886,0.029354479413803366,-0.9288312117345607,0.07300798709403371,1.5165351383351473
887,0.010777855179112152,-0.7346645094940614,0.10333868986073666,1.2475062310486806
888,-0.003915435010769077,-0.5410082180487596,0.12828881448171028,0.9888989691550978
889,-0.01473559937174427,-0.34781531280987027,0.14806679386481225,0.7391045609571435
890,-0.021691905627941675,-0.544637795458157,0.16284888508395512,1.0744806230647739
891,-0.03258466153710482,-0.35199816640275056,0.1843384975452506,0.8370105224224588
892,-0.03962462486515983,-0.5490945019736857,0.20107870799369978,1.181535238735273
893,-0.05060651490463354,-0.746175841126981,0.22470941276840525,1.5299205346566795
894,0.012781084926580314,-0.2087376331519314,-0.029859277291019747,0.28263825253599706
895,0.008606332263541686,-0.013202789825903116,-0.024206512240299807,-0.019310594584725504
896,0.008342276467023624,-0.2079693796951419,-0.024592724131994318,0.2656376814150478
897,0.004182888873120786,-0.40273185305676784,-0.019279970503693362,0.5504635192441576
898,-0.0038717481880145713,-0.20734448019351273,-0.008270700118810209,0.2517689697400848
899,-0.008018637791884827,-0.01210540909666416,-0.0032353207240085127,-0.04351117865499876
900,-0.008260745973818111,-0.2071808179742012,-0.004105544297108488,0.248149220594524
901,-0.012404362333302135,-0.40224389641096947,0.0008574401147819922,0.5395343457072277
902,-0.020449240261521524,-0.2071340091167621,0.011648127028926546,0.24712170971287806
903,-0.024591920443856767,-0.40242036377759033,0.016590561223184107,0.5434558416630471
904,-0.03264032771940857,-0.20753544625286002,0.027459678056445048,0.25604609677347756
905,-0.03679103664446577,-0.40303847156962014,0.0325805999919146,0.5572622105774098
906,-0.044851806075858175,-0.20838868732285312,0.043725844203462795,0.275019487265513
907,-0.04901957982231524,-0.4041063433788523,0.049226233948773054,0.5811666664726458
908,-0.057101706689892284,-0.5998822317888586,0.06084956727822597,0.888941433056062
909,-0.06909935132566945,-0.4056364787522164,0.07862839593934721,0.6159907928348414
910,-0.07721208090071378,-0.21169600704916158,0.09094821179604404,0.3490718250117229
911,-0.08144600104169701,-0.40798583634317087,0.0979296482962785,0.6689916157692808
912,-0.08960571776856043,-0.21435212979641957,0.11130948061166411,0.40867800455540904
913,-0.09389276036448882,-0.4108617537894018,0.1194830407027723,0.734275741983752
914,-0.10210999544027685,-0.6074139612986902,0.13416855554244733,1.0620465334322615
915,-0.11425827466625066,-0.8040324485347657,0.15540948621109257,1.3936510344655189
916,-0.13033892363694596,-1.0007094016074845,0.18328250690040296,1.7306176974392065
917,-0.15035311166909565,-0.8080931323641126,0.21789486084918708,1.5001164416898867
918,0.0020203391360575458,0.22510892267873234,-0.018142554282098752,-0.26471763713288643
919,0.006522517589632192,0.030250557390755023,-0.02343690702475648,0.022188190210444048
920,0.007127528737447293,-0.16452758155052014,-0.0229931432205476,0.3073853403603421
921,0.0038369771064368898,0.030914330240163906,-0.01684543641334076,0.007540576139400901
922,0.0044552637112401676,-0.1639620334592037,-0.01669462489055274,0.2948613237271883
923,0.0011760230420560934,-0.35884204592051744,-0.010797398416008974,0.5822326153103634
924,-0.006000817876354255,-0.553811066475753,0.0008472538901982945,0.8714947251816556
925,-0.017077039205869317,-0.7489445305038537,0.018277148393831405,1.1644439087818992
926,-0.03205592981594639,-0.5540652281411678,0.041566026569469394,0.8775469615194474
927,-0.04313723437876975,-0.7497266696115045,0.05911696579985834,1.1830025151276082
928,-0.058131767770999834,-0.9455637808941009,0.0827770161024105,1.493615286749729
929,-0.07704304338888185,-0.7515406564188173,0.11264932183740509,1.227885780564544
930,-0.09207385651725819,-0.5580341966889061,0.13720703744869597,0.9725147223542238
931,-0.1032345404510363,-0.754703871959924,0.15665733189578046,1.304959164867494
932,-0.11832861789023479,-0.561876274409556,0.18275651519313035,1.0651288283593854
933,-0.1295661433784259,-0.7588839631071236,0.20405909176031806,1.4091508633940137
934,-0.14474382264056837,-0.5667925637945626,0.23224210902819833,1.1865698911093756
935,-0.0071734777592796055,-0.1656247167298105,0.02283333237880464,0.32302629094550495
936,-0.010485972093875816,0.029164779537238117,0.02929385819771474,0.03763062639903597
937,-0.009902676503131053,-0.16636473392290252,0.030046470725695457,0.33941022586706
938,-0.013229971181589103,-0.36190104698162906,0.03683467524303666,0.6414146424809383
939,-0.020467992121221683,-0.16731140956279678,0.04966296809265543,0.3605551232149456
940,-0.023814220312477617,-0.3631028285021051,0.05687407055695434,0.6684750609491261
941,-0.03107627688251972,-0.1688159301921636,0.07024357177593686,0.394227889231735
942,-0.034452595486362994,-0.3648606617222615,0.07812812956057157,0.7082044290564453
943,-0.041749808720808225,-0.5609729273971369,0.09229221814170047,1.0244217909182889
944,-0.052969267268750966,-0.3671931517086867,0.11278065396006624,0.7620845978159532
945,-0.0603131303029247,-0.17379042938652814,0.1280223459163853,0.5069108114316727
946,-0.06378893889065526,0.01931717474903577,0.13816056214501876,0.25715573939698083
947,-0.06340259539567454,-0.17747907480652797,0.14330367693295837,0.5900273100615004
948,-0.0669521768918051,-0.3742859744762044,0.15510422313418837,0.9241988599133134
949,-0.0744378963813292,-0.1815607487296297,0.17358820033245465,0.6839994181190507
950,-0.07806911135592179,0.0107804001745333,0.18726818869483566,0.45060264466113664
951,-0.07785350335243112,-0.18642786108815756,0.1962802415880584,0.7959788094826575
952,-0.08158206057419427,0.0055372069675237445,0.21219981777771155,0.5708967196016668
953,0.02782519778697799,0.22489586823401647,0.005757502157018678,-0.32589797594140957
954,0.03232311515165832,0.4199353737873167,-0.0007604573618095137,-0.6167596890037258
955,0.040721822627404654,0.6150679406003223,-0.01309565114188403,-0.9096820290328624
956,0.0530231814394111,0.4201256524890633,-0.03128929172254128,-0.6211436817760128
957,0.06142569448919237,0.6156702660780229,-0.043712165358061536,-0.9235145831712153
958,0.07373909981075283,0.4211652293756505,-0.06218245702148584,-0.6448830064783077
959,0.08216240439826583,0.22696242973456815,-0.07508011715105199,-0.3724116755856779
960,0.08670165299295719,0.03298290554167127,-0.08252835066276555,-0.10431492664273628
961,0.08736131110379061,-0.16086532315829877,-0.08461464919562027,0.16123196162819514
962,0.08414400464062463,-0.35468041075473544,-0.08139000996305637,0.4260674465084671
963,0.07705039642552992,-0.5485608889109589,-0.07286866103288703,0.692023195519069
964,0.06607917864731075,-0.3525076419981681,-0.05902819712250565,0.37731930627927224
965,0.05902902580734739,-0.5467437384967105,-0.0514818109969202,0.6508217979798036
966,0.04809415103741318,-0.3509439694009465,-0.03846537503732413,0.342382298309781
967,0.04107527164939425,-0.5454981603945961,-0.03161772907112851,0.6226916850699424
968,0.03016530844150233,-0.3499493245346178,-0.01916389536972966,0.32022097022751606
969,0.023166321950809973,-0.15455976926955398,-0.012759475965179339,0.021556613628092025
970,0.020075126565418894,-0.3494964345181903,-0.012328343692617498,0.3101866252921043
971,0.013085197875055087,-0.15420102372862965,-0.006124611186775412,0.013641329521461576
972,0.010001177400482494,0.041008224286147116,-0.00585178459634618,-0.28096767509917053
973,0.010821341886205437,-0.15402976769696225,-0.011471138098329592,0.009863888966816392
974,0.007740746532266193,-0.34898534451751895,-0.011273860318993264,0.29890557355444936
975,0.0007610396419158137,-0.1537045220458002,-0.005295748847904277,0.0026885100615468005
976,-0.0023130507990001903,-0.34875012569080166,-0.00524197864667334,0.2936958701207673
977,-0.009288053312816224,-0.5437969496113984,0.0006319387557420057,0.5847209516745109
978,-0.02016399230504419,-0.7389277472640028,0.012326357789232224,0.8776028796916278
979,-0.034942547250324245,-0.5439754616067223,0.02987841538306478,0.588820524000812
980,-0.04582205648245869,-0.34928436426948883,0.041654825863081016,0.3056971689336788
981,-0.05280774376784847,-0.15477999684472996,0.04776876924175459,0.026436675743883198
982,-0.05590334370474307,-0.350553285440805,0.048297502756632256,0.3338003053009732
983,-0.06291440941355916,-0.1561508214375615,0.05497350886265172,0.056730593750849934
984,-0.0660374258423104,0.03814156890604736,0.056108120737668715,-0.21811365408995081
985,-0.06527459446418946,-0.15773569127576934,0.051745847655869696,0.09172700721734023
986,-0.06842930828970484,0.03660785470100528,0.053580387800216504,-0.18419162248699122
987,-0.06769715119568473,-0.15923817462886558,0.04989655535047668,0.12490093561516069
988,-0.07088191468826203,-0.35503812982170324,0.05239457406277989,0.4328988378164673
989,-0.0779826772846961,-0.550861247975239,0.061052550819109236,0.7416273862365557
990,-0.08899990224420089,-0.746770502277105,0.07588509854384035,1.0528820627993833
991,-0.10393531228974298,-0.9428121458200219,0.09694273979982801,1.3683870606299107
992,-0.12279155520614342,-0.7490278211662373,0.12431048101242623,1.107531922459931
993,-0.13777211162946817,-0.555739404248891,0.14646111946162485,0.8562898180770061
994,-0.148886899714446,-0.7525208552929782,0.16358691582316498,1.191207591354205
995,-0.16393731682030555,-0.5598518043818531,0.1874110676502491,0.9539426980325565
996,-0.1751343529079426,-0.367677820963218,0.2064899216109002,0.7255060864722298
997,-0.18248790932720696,-0.5649655800149493,0.22100004334034482,1.0754286738485659
998,0.01941174457958832,0.15057885909137836,-0.01876567466995238,-0.2925465995194561
999,0.022423321761415888,0.3459632736996171,-0.024616606660341503,-0.5910884039498425
